location,date,vaccine,source_url,total_vaccinations,people_vaccinated,people_fully_vaccinated,total_boosters
Germany,2020-12-27,"Moderna, Oxford/AstraZeneca, Pfizer/BioNTech",https://impfdashboard.de/,24421,24421,0,0
Germany,2020-12-28,"Moderna, Oxford/AstraZeneca, Pfizer/BioNTech",https://impfdashboard.de/,42428,42428,0,0
Germany,2020-12-29,"Moderna, Oxford/AstraZeneca, Pfizer/BioNTech",https://impfdashboard.de/,92483,92483,0,0
Germany,2020-12-30,"Moderna, Oxford/AstraZeneca, Pfizer/BioNTech",https://impfdashboard.de/,156549,156549,0,0
Germany,2020-12-31,"Moderna, Oxford/AstraZeneca, Pfizer/BioNTech",https://impfdashboard.de/,206488,206488,0,0
Germany,2021-01-01,"Johnson&Johnson, Moderna, Oxford/AstraZeneca, Pfizer/BioNTech",https://impfdashboard.de/,232160,232160,2,0
Germany,2021-01-02,"Johnson&Johnson, Moderna, Oxford/AstraZeneca, Pfizer/BioNTech",https://impfdashboard.de/,279963,279963,4,0
Germany,2021-01-03,"Johnson&Johnson, Moderna, Oxford/AstraZeneca, Pfizer/BioNTech",https://impfdashboard.de/,302536,302536,4,0
Germany,2021-01-04,"Johnson&Johnson, Moderna, Oxford/AstraZeneca, Pfizer/BioNTech",https://impfdashboard.de/,348869,348869,22,0
Germany,2021-01-05,"Johnson&Johnson, Moderna, Oxford/AstraZeneca, Pfizer/BioNTech",https://impfdashboard.de/,401347,401347,22,0
Germany,2021-01-06,"Johnson&Johnson, Moderna, Oxford/AstraZeneca, Pfizer/BioNTech",https://impfdashboard.de/,464431,464431,22,0
Germany,2021-01-07,"Johnson&Johnson, Moderna, Oxford/AstraZeneca, Pfizer/BioNTech",https://impfdashboard.de/,519339,519339,23,0
Germany,2021-01-08,"Johnson&Johnson, Moderna, Oxford/AstraZeneca, Pfizer/BioNTech",https://impfdashboard.de/,582214,582214,23,0
Germany,2021-01-09,"Johnson&Johnson, Moderna, Oxford/AstraZeneca, Pfizer/BioNTech",https://impfdashboard.de/,642812,642812,23,0
Germany,2021-01-10,"Johnson&Johnson, Moderna, Oxford/AstraZeneca, Pfizer/BioNTech",https://impfdashboard.de/,678657,678657,24,0
Germany,2021-01-11,"Johnson&Johnson, Moderna, Oxford/AstraZeneca, Pfizer/BioNTech",https://impfdashboard.de/,747425,747425,24,0
Germany,2021-01-12,"Johnson&Johnson, Moderna, Oxford/AstraZeneca, Pfizer/BioNTech",https://impfdashboard.de/,826741,826741,25,0
Germany,2021-01-13,"Johnson&Johnson, Moderna, Oxford/AstraZeneca, Pfizer/BioNTech",https://impfdashboard.de/,939178,939178,25,0
Germany,2021-01-14,"Johnson&Johnson, Moderna, Oxford/AstraZeneca, Pfizer/BioNTech",https://impfdashboard.de/,1023301,1023301,25,0
Germany,2021-01-15,"Johnson&Johnson, Moderna, Oxford/AstraZeneca, Pfizer/BioNTech",https://impfdashboard.de/,1115166,1114183,1010,0
Germany,2021-01-16,"Johnson&Johnson, Moderna, Oxford/AstraZeneca, Pfizer/BioNTech",https://impfdashboard.de/,1173264,1171037,2255,0
Germany,2021-01-17,"Johnson&Johnson, Moderna, Oxford/AstraZeneca, Pfizer/BioNTech",https://impfdashboard.de/,1221104,1201794,19339,0
Germany,2021-01-18,"Johnson&Johnson, Moderna, Oxford/AstraZeneca, Pfizer/BioNTech",https://impfdashboard.de/,1304414,1269346,35097,0
Germany,2021-01-19,"Johnson&Johnson, Moderna, Oxford/AstraZeneca, Pfizer/BioNTech",https://impfdashboard.de/,1424294,1353150,71173,0
Germany,2021-01-20,"Johnson&Johnson, Moderna, Oxford/AstraZeneca, Pfizer/BioNTech",https://impfdashboard.de/,1557242,1432149,125122,0
Germany,2021-01-21,"Johnson&Johnson, Moderna, Oxford/AstraZeneca, Pfizer/BioNTech",https://impfdashboard.de/,1662882,1496679,166233,0
Germany,2021-01-22,"Johnson&Johnson, Moderna, Oxford/AstraZeneca, Pfizer/BioNTech",https://impfdashboard.de/,1765289,1565458,199861,0
Germany,2021-01-23,"Johnson&Johnson, Moderna, Oxford/AstraZeneca, Pfizer/BioNTech",https://impfdashboard.de/,1852382,1606230,246182,0
Germany,2021-01-24,"Johnson&Johnson, Moderna, Oxford/AstraZeneca, Pfizer/BioNTech",https://impfdashboard.de/,1900218,1631935,268314,0
Germany,2021-01-25,"Johnson&Johnson, Moderna, Oxford/AstraZeneca, Pfizer/BioNTech",https://impfdashboard.de/,1991267,1684277,307021,0
Germany,2021-01-26,"Johnson&Johnson, Moderna, Oxford/AstraZeneca, Pfizer/BioNTech",https://impfdashboard.de/,2089972,1735634,354369,0
Germany,2021-01-27,"Johnson&Johnson, Moderna, Oxford/AstraZeneca, Pfizer/BioNTech",https://impfdashboard.de/,2199608,1786817,412824,0
Germany,2021-01-28,"Johnson&Johnson, Moderna, Oxford/AstraZeneca, Pfizer/BioNTech",https://impfdashboard.de/,2292352,1833816,458569,0
Germany,2021-01-29,"Johnson&Johnson, Moderna, Oxford/AstraZeneca, Pfizer/BioNTech",https://impfdashboard.de/,2400181,1883702,516513,0
Germany,2021-01-30,"Johnson&Johnson, Moderna, Oxford/AstraZeneca, Pfizer/BioNTech",https://impfdashboard.de/,2488346,1918372,570010,0
Germany,2021-01-31,"Johnson&Johnson, Moderna, Oxford/AstraZeneca, Pfizer/BioNTech",https://impfdashboard.de/,2545589,1944180,601446,0
Germany,2021-02-01,"Johnson&Johnson, Moderna, Oxford/AstraZeneca, Pfizer/BioNTech",https://impfdashboard.de/,2666090,2002577,663551,0
Germany,2021-02-02,"Johnson&Johnson, Moderna, Oxford/AstraZeneca, Pfizer/BioNTech",https://impfdashboard.de/,2798975,2068102,730913,0
Germany,2021-02-03,"Johnson&Johnson, Moderna, Oxford/AstraZeneca, Pfizer/BioNTech",https://impfdashboard.de/,2962090,2132727,829404,0
Germany,2021-02-04,"Johnson&Johnson, Moderna, Oxford/AstraZeneca, Pfizer/BioNTech",https://impfdashboard.de/,3096751,2194876,901916,0
Germany,2021-02-05,"Johnson&Johnson, Moderna, Oxford/AstraZeneca, Pfizer/BioNTech",https://impfdashboard.de/,3244337,2264295,980084,0
Germany,2021-02-06,"Johnson&Johnson, Moderna, Oxford/AstraZeneca, Pfizer/BioNTech",https://impfdashboard.de/,3338536,2309901,1028678,0
Germany,2021-02-07,"Johnson&Johnson, Moderna, Oxford/AstraZeneca, Pfizer/BioNTech",https://impfdashboard.de/,3392116,2338206,1053954,0
Germany,2021-02-08,"Johnson&Johnson, Moderna, Oxford/AstraZeneca, Pfizer/BioNTech",https://impfdashboard.de/,3501630,2391228,1110447,0
Germany,2021-02-09,"Johnson&Johnson, Moderna, Oxford/AstraZeneca, Pfizer/BioNTech",https://impfdashboard.de/,3636387,2451476,1184956,0
Germany,2021-02-10,"Johnson&Johnson, Moderna, Oxford/AstraZeneca, Pfizer/BioNTech",https://impfdashboard.de/,3791941,2529266,1262721,0
Germany,2021-02-11,"Johnson&Johnson, Moderna, Oxford/AstraZeneca, Pfizer/BioNTech",https://impfdashboard.de/,3936691,2604954,1331785,0
Germany,2021-02-12,"Johnson&Johnson, Moderna, Oxford/AstraZeneca, Pfizer/BioNTech",https://impfdashboard.de/,4092998,2685254,1407798,0
Germany,2021-02-13,"Johnson&Johnson, Moderna, Oxford/AstraZeneca, Pfizer/BioNTech",https://impfdashboard.de/,4200886,2747312,1453629,0
Germany,2021-02-14,"Johnson&Johnson, Moderna, Oxford/AstraZeneca, Pfizer/BioNTech",https://impfdashboard.de/,4266361,2786949,1479468,0
Germany,2021-02-15,"Johnson&Johnson, Moderna, Oxford/AstraZeneca, Pfizer/BioNTech",https://impfdashboard.de/,4392311,2857124,1535255,0
Germany,2021-02-16,"Johnson&Johnson, Moderna, Oxford/AstraZeneca, Pfizer/BioNTech",https://impfdashboard.de/,4527286,2935406,1591949,0
Germany,2021-02-17,"Johnson&Johnson, Moderna, Oxford/AstraZeneca, Pfizer/BioNTech",https://impfdashboard.de/,4679236,3030847,1648462,0
Germany,2021-02-18,"Johnson&Johnson, Moderna, Oxford/AstraZeneca, Pfizer/BioNTech",https://impfdashboard.de/,4824487,3122697,1701869,0
Germany,2021-02-19,"Johnson&Johnson, Moderna, Oxford/AstraZeneca, Pfizer/BioNTech",https://impfdashboard.de/,4983460,3225853,1757687,0
Germany,2021-02-20,"Johnson&Johnson, Moderna, Oxford/AstraZeneca, Pfizer/BioNTech",https://impfdashboard.de/,5096018,3302049,1794055,0
Germany,2021-02-21,"Johnson&Johnson, Moderna, Oxford/AstraZeneca, Pfizer/BioNTech",https://impfdashboard.de/,5182066,3359775,1822380,0
Germany,2021-02-22,"Johnson&Johnson, Moderna, Oxford/AstraZeneca, Pfizer/BioNTech",https://impfdashboard.de/,5338762,3458099,1880753,0
Germany,2021-02-23,"Johnson&Johnson, Moderna, Oxford/AstraZeneca, Pfizer/BioNTech",https://impfdashboard.de/,5509407,3568138,1941361,0
Germany,2021-02-24,"Johnson&Johnson, Moderna, Oxford/AstraZeneca, Pfizer/BioNTech",https://impfdashboard.de/,5686604,3685821,2000876,0
Germany,2021-02-25,"Johnson&Johnson, Moderna, Oxford/AstraZeneca, Pfizer/BioNTech",https://impfdashboard.de/,5877044,3816784,2060353,0
Germany,2021-02-26,"Johnson&Johnson, Moderna, Oxford/AstraZeneca, Pfizer/BioNTech",https://impfdashboard.de/,6091333,3963362,2128064,0
Germany,2021-02-27,"Johnson&Johnson, Moderna, Oxford/AstraZeneca, Pfizer/BioNTech",https://impfdashboard.de/,6239684,4071854,2167926,0
Germany,2021-02-28,"Johnson&Johnson, Moderna, Oxford/AstraZeneca, Pfizer/BioNTech",https://impfdashboard.de/,6343291,4151257,2192132,0
Germany,2021-03-01,"Johnson&Johnson, Moderna, Oxford/AstraZeneca, Pfizer/BioNTech",https://impfdashboard.de/,6542688,4300693,2242093,0
Germany,2021-03-02,"Johnson&Johnson, Moderna, Oxford/AstraZeneca, Pfizer/BioNTech",https://impfdashboard.de/,6762894,4468643,2294349,0
Germany,2021-03-03,"Johnson&Johnson, Moderna, Oxford/AstraZeneca, Pfizer/BioNTech",https://impfdashboard.de/,7011538,4646416,2365221,0
Germany,2021-03-04,"Johnson&Johnson, Moderna, Oxford/AstraZeneca, Pfizer/BioNTech",https://impfdashboard.de/,7257298,4828981,2428416,0
Germany,2021-03-05,"Johnson&Johnson, Moderna, Oxford/AstraZeneca, Pfizer/BioNTech",https://impfdashboard.de/,7533324,5037501,2495924,0
Germany,2021-03-06,"Johnson&Johnson, Moderna, Oxford/AstraZeneca, Pfizer/BioNTech",https://impfdashboard.de/,7736304,5191731,2544674,0
Germany,2021-03-07,"Johnson&Johnson, Moderna, Oxford/AstraZeneca, Pfizer/BioNTech",https://impfdashboard.de/,7884221,5306101,2578221,0
Germany,2021-03-08,"Johnson&Johnson, Moderna, Oxford/AstraZeneca, Pfizer/BioNTech",https://impfdashboard.de/,8122844,5492780,2630166,0
Germany,2021-03-09,"Johnson&Johnson, Moderna, Oxford/AstraZeneca, Pfizer/BioNTech",https://impfdashboard.de/,8376086,5691022,2685166,0
Germany,2021-03-10,"Johnson&Johnson, Moderna, Oxford/AstraZeneca, Pfizer/BioNTech",https://impfdashboard.de/,8665670,5913108,2752665,0
Germany,2021-03-11,"Johnson&Johnson, Moderna, Oxford/AstraZeneca, Pfizer/BioNTech",https://impfdashboard.de/,8950570,6137022,2813651,0
Germany,2021-03-12,"Johnson&Johnson, Moderna, Oxford/AstraZeneca, Pfizer/BioNTech",https://impfdashboard.de/,9279225,6394519,2884810,0
Germany,2021-03-13,"Johnson&Johnson, Moderna, Oxford/AstraZeneca, Pfizer/BioNTech",https://impfdashboard.de/,9520866,6585760,2935210,0
Germany,2021-03-14,"Johnson&Johnson, Moderna, Oxford/AstraZeneca, Pfizer/BioNTech",https://impfdashboard.de/,9691336,6720529,2970911,0
Germany,2021-03-15,"Johnson&Johnson, Moderna, Oxford/AstraZeneca, Pfizer/BioNTech",https://impfdashboard.de/,9940944,6910808,3030240,0
Germany,2021-03-16,"Johnson&Johnson, Moderna, Oxford/AstraZeneca, Pfizer/BioNTech",https://impfdashboard.de/,10120552,7022017,3098639,0
Germany,2021-03-17,"Johnson&Johnson, Moderna, Oxford/AstraZeneca, Pfizer/BioNTech",https://impfdashboard.de/,10326630,7146895,3179840,0
Germany,2021-03-18,"Johnson&Johnson, Moderna, Oxford/AstraZeneca, Pfizer/BioNTech",https://impfdashboard.de/,10520743,7265205,3255643,0
Germany,2021-03-19,"Johnson&Johnson, Moderna, Oxford/AstraZeneca, Pfizer/BioNTech",https://impfdashboard.de/,10767017,7426791,3340331,0
Germany,2021-03-20,"Johnson&Johnson, Moderna, Oxford/AstraZeneca, Pfizer/BioNTech",https://impfdashboard.de/,10988384,7594750,3393739,0
Germany,2021-03-21,"Johnson&Johnson, Moderna, Oxford/AstraZeneca, Pfizer/BioNTech",https://impfdashboard.de/,11153331,7721366,3432071,0
Germany,2021-03-22,"Johnson&Johnson, Moderna, Oxford/AstraZeneca, Pfizer/BioNTech",https://impfdashboard.de/,11423690,7914983,3508813,0
Germany,2021-03-23,"Johnson&Johnson, Moderna, Oxford/AstraZeneca, Pfizer/BioNTech",https://impfdashboard.de/,11726171,8133045,3593234,0
Germany,2021-03-24,"Johnson&Johnson, Moderna, Oxford/AstraZeneca, Pfizer/BioNTech",https://impfdashboard.de/,12068201,8385388,3682924,0
Germany,2021-03-25,"Johnson&Johnson, Moderna, Oxford/AstraZeneca, Pfizer/BioNTech",https://impfdashboard.de/,12402657,8638456,3764313,0
Germany,2021-03-26,"Johnson&Johnson, Moderna, Oxford/AstraZeneca, Pfizer/BioNTech",https://impfdashboard.de/,12778580,8925309,3853385,0
Germany,2021-03-27,"Johnson&Johnson, Moderna, Oxford/AstraZeneca, Pfizer/BioNTech",https://impfdashboard.de/,13061160,9145326,3915951,0
Germany,2021-03-28,"Johnson&Johnson, Moderna, Oxford/AstraZeneca, Pfizer/BioNTech",https://impfdashboard.de/,13257919,9288744,3969295,0
Germany,2021-03-29,"Johnson&Johnson, Moderna, Oxford/AstraZeneca, Pfizer/BioNTech",https://impfdashboard.de/,13564800,9506653,4058268,0
Germany,2021-03-30,"Johnson&Johnson, Moderna, Oxford/AstraZeneca, Pfizer/BioNTech",https://impfdashboard.de/,13895396,9744737,4150781,0
Germany,2021-03-31,"Johnson&Johnson, Moderna, Oxford/AstraZeneca, Pfizer/BioNTech",https://impfdashboard.de/,14232910,9980607,4252426,0
Germany,2021-04-01,"Johnson&Johnson, Moderna, Oxford/AstraZeneca, Pfizer/BioNTech",https://impfdashboard.de/,14566794,10223600,4343336,0
Germany,2021-04-02,"Johnson&Johnson, Moderna, Oxford/AstraZeneca, Pfizer/BioNTech",https://impfdashboard.de/,14793447,10382269,4411325,0
Germany,2021-04-03,"Johnson&Johnson, Moderna, Oxford/AstraZeneca, Pfizer/BioNTech",https://impfdashboard.de/,15025927,10550063,4476011,0
Germany,2021-04-04,"Johnson&Johnson, Moderna, Oxford/AstraZeneca, Pfizer/BioNTech",https://impfdashboard.de/,15219411,10692980,4526581,0
Germany,2021-04-05,"Johnson&Johnson, Moderna, Oxford/AstraZeneca, Pfizer/BioNTech",https://impfdashboard.de/,15467915,10871051,4597014,0
Germany,2021-04-06,"Johnson&Johnson, Moderna, Oxford/AstraZeneca, Pfizer/BioNTech",https://impfdashboard.de/,15860253,11168568,4691850,0
Germany,2021-04-07,"Johnson&Johnson, Moderna, Oxford/AstraZeneca, Pfizer/BioNTech",https://impfdashboard.de/,16585453,11796837,4788796,0
Germany,2021-04-08,"Johnson&Johnson, Moderna, Oxford/AstraZeneca, Pfizer/BioNTech",https://impfdashboard.de/,17304896,12428219,4876872,0
Germany,2021-04-09,"Johnson&Johnson, Moderna, Oxford/AstraZeneca, Pfizer/BioNTech",https://impfdashboard.de/,17928571,12962552,4966220,0
Germany,2021-04-10,"Johnson&Johnson, Moderna, Oxford/AstraZeneca, Pfizer/BioNTech",https://impfdashboard.de/,18297907,13266580,5031529,0
Germany,2021-04-11,"Johnson&Johnson, Moderna, Oxford/AstraZeneca, Pfizer/BioNTech",https://impfdashboard.de/,18558901,13477136,5081968,0
Germany,2021-04-12,"Johnson&Johnson, Moderna, Oxford/AstraZeneca, Pfizer/BioNTech",https://impfdashboard.de/,18972011,13813400,5158829,0
Germany,2021-04-13,"Johnson&Johnson, Moderna, Oxford/AstraZeneca, Pfizer/BioNTech",https://impfdashboard.de/,19576053,14343493,5232788,0
Germany,2021-04-14,"Johnson&Johnson, Moderna, Oxford/AstraZeneca, Pfizer/BioNTech",https://impfdashboard.de/,20384755,15068304,5316696,0
Germany,2021-04-15,"Johnson&Johnson, Moderna, Oxford/AstraZeneca, Pfizer/BioNTech",https://impfdashboard.de/,21068678,15681585,5387362,0
Germany,2021-04-16,"Johnson&Johnson, Moderna, Oxford/AstraZeneca, Pfizer/BioNTech",https://impfdashboard.de/,21652961,16191248,5461991,0
Germany,2021-04-17,"Johnson&Johnson, Moderna, Oxford/AstraZeneca, Pfizer/BioNTech",https://impfdashboard.de/,22012335,16493958,5518655,0
Germany,2021-04-18,"Johnson&Johnson, Moderna, Oxford/AstraZeneca, Pfizer/BioNTech",https://impfdashboard.de/,22279385,16721906,5557758,0
Germany,2021-04-19,"Johnson&Johnson, Moderna, Oxford/AstraZeneca, Pfizer/BioNTech",https://impfdashboard.de/,22679041,17059613,5619719,0
Germany,2021-04-20,"Johnson&Johnson, Moderna, Oxford/AstraZeneca, Pfizer/BioNTech",https://impfdashboard.de/,23269713,17586587,5683434,0
Germany,2021-04-21,"Johnson&Johnson, Moderna, Oxford/AstraZeneca, Pfizer/BioNTech",https://impfdashboard.de/,24020203,18262708,5757824,0
Germany,2021-04-22,"Johnson&Johnson, Moderna, Oxford/AstraZeneca, Pfizer/BioNTech",https://impfdashboard.de/,24661778,18836098,5826038,0
Germany,2021-04-23,"Johnson&Johnson, Moderna, Oxford/AstraZeneca, Pfizer/BioNTech",https://impfdashboard.de/,25205331,19309815,5895891,0
Germany,2021-04-24,"Johnson&Johnson, Moderna, Oxford/AstraZeneca, Pfizer/BioNTech",https://impfdashboard.de/,25568028,19613276,5955131,0
Germany,2021-04-25,"Johnson&Johnson, Moderna, Oxford/AstraZeneca, Pfizer/BioNTech",https://impfdashboard.de/,25848148,19844067,6004464,0
Germany,2021-04-26,"Johnson&Johnson, Moderna, Oxford/AstraZeneca, Pfizer/BioNTech",https://impfdashboard.de/,26285758,20206837,6079400,0
Germany,2021-04-27,"Johnson&Johnson, Moderna, Oxford/AstraZeneca, Pfizer/BioNTech",https://impfdashboard.de/,27146094,20971403,6175743,0
Germany,2021-04-28,"Johnson&Johnson, Moderna, Oxford/AstraZeneca, Pfizer/BioNTech",https://impfdashboard.de/,28310414,22002276,6310003,0
Germany,2021-04-29,"Johnson&Johnson, Moderna, Oxford/AstraZeneca, Pfizer/BioNTech",https://impfdashboard.de/,29260416,22814774,6448405,0
Germany,2021-04-30,"Johnson&Johnson, Moderna, Oxford/AstraZeneca, Pfizer/BioNTech",https://impfdashboard.de/,30031235,23447985,6586938,0
Germany,2021-05-01,"Johnson&Johnson, Moderna, Oxford/AstraZeneca, Pfizer/BioNTech",https://impfdashboard.de/,30355218,23698781,6662758,0
Germany,2021-05-02,"Johnson&Johnson, Moderna, Oxford/AstraZeneca, Pfizer/BioNTech",https://impfdashboard.de/,30614025,23892435,6729722,0
Germany,2021-05-03,"Johnson&Johnson, Moderna, Oxford/AstraZeneca, Pfizer/BioNTech",https://impfdashboard.de/,31069917,24231974,6847770,0
Germany,2021-05-04,"Johnson&Johnson, Moderna, Oxford/AstraZeneca, Pfizer/BioNTech",https://impfdashboard.de/,31969883,24965904,7016904,0
Germany,2021-05-05,"Johnson&Johnson, Moderna, Oxford/AstraZeneca, Pfizer/BioNTech",https://impfdashboard.de/,33181165,25937435,7261241,0
Germany,2021-05-06,"Johnson&Johnson, Moderna, Oxford/AstraZeneca, Pfizer/BioNTech",https://impfdashboard.de/,34184975,26716486,7490680,0
Germany,2021-05-07,"Johnson&Johnson, Moderna, Oxford/AstraZeneca, Pfizer/BioNTech",https://impfdashboard.de/,35045746,27342837,7729670,0
Germany,2021-05-08,"Johnson&Johnson, Moderna, Oxford/AstraZeneca, Pfizer/BioNTech",https://impfdashboard.de/,35458982,27604274,7883172,0
Germany,2021-05-09,"Johnson&Johnson, Moderna, Oxford/AstraZeneca, Pfizer/BioNTech",https://impfdashboard.de/,35739525,27783658,7985404,0
Germany,2021-05-10,"Johnson&Johnson, Moderna, Oxford/AstraZeneca, Pfizer/BioNTech",https://impfdashboard.de/,36344712,28196316,8182222,0
Germany,2021-05-11,"Johnson&Johnson, Moderna, Oxford/AstraZeneca, Pfizer/BioNTech",https://impfdashboard.de/,37512779,29062952,8487472,0
Germany,2021-05-12,"Johnson&Johnson, Moderna, Oxford/AstraZeneca, Pfizer/BioNTech",https://impfdashboard.de/,38985466,30159805,8869116,0
Germany,2021-05-13,"Johnson&Johnson, Moderna, Oxford/AstraZeneca, Pfizer/BioNTech",https://impfdashboard.de/,39399710,30419115,9026730,0
Germany,2021-05-14,"Johnson&Johnson, Moderna, Oxford/AstraZeneca, Pfizer/BioNTech",https://impfdashboard.de/,40141582,30938362,9257101,0
Germany,2021-05-15,"Johnson&Johnson, Moderna, Oxford/AstraZeneca, Pfizer/BioNTech",https://impfdashboard.de/,40535199,31172534,9420843,0
Germany,2021-05-16,"Johnson&Johnson, Moderna, Oxford/AstraZeneca, Pfizer/BioNTech",https://impfdashboard.de/,40809475,31331328,9541066,0
Germany,2021-05-17,"Johnson&Johnson, Moderna, Oxford/AstraZeneca, Pfizer/BioNTech",https://impfdashboard.de/,41362023,31684992,9749973,0
Germany,2021-05-18,"Johnson&Johnson, Moderna, Oxford/AstraZeneca, Pfizer/BioNTech",https://impfdashboard.de/,42292485,32242650,10130668,0
Germany,2021-05-19,"Johnson&Johnson, Moderna, Oxford/AstraZeneca, Pfizer/BioNTech",https://impfdashboard.de/,43481245,32864537,10709973,0
Germany,2021-05-20,"Johnson&Johnson, Moderna, Oxford/AstraZeneca, Pfizer/BioNTech",https://impfdashboard.de/,44466063,33348055,11221972,0
Germany,2021-05-21,"Johnson&Johnson, Moderna, Oxford/AstraZeneca, Pfizer/BioNTech",https://impfdashboard.de/,45311863,33768673,11659228,0
Germany,2021-05-22,"Johnson&Johnson, Moderna, Oxford/AstraZeneca, Pfizer/BioNTech",https://impfdashboard.de/,45708716,33954526,11884401,0
Germany,2021-05-23,"Johnson&Johnson, Moderna, Oxford/AstraZeneca, Pfizer/BioNTech",https://impfdashboard.de/,45980644,34077283,12042362,0
Germany,2021-05-24,"Johnson&Johnson, Moderna, Oxford/AstraZeneca, Pfizer/BioNTech",https://impfdashboard.de/,46296589,34219227,12224525,0
Germany,2021-05-25,"Johnson&Johnson, Moderna, Oxford/AstraZeneca, Pfizer/BioNTech",https://impfdashboard.de/,46981609,34530532,12627303,0
Germany,2021-05-26,"Johnson&Johnson, Moderna, Oxford/AstraZeneca, Pfizer/BioNTech",https://impfdashboard.de/,48253923,35123962,13394803,0
Germany,2021-05-27,"Johnson&Johnson, Moderna, Oxford/AstraZeneca, Pfizer/BioNTech",https://impfdashboard.de/,49309880,35620339,14040560,0
Germany,2021-05-28,"Johnson&Johnson, Moderna, Oxford/AstraZeneca, Pfizer/BioNTech",https://impfdashboard.de/,50199780,36060167,14577177,0
Germany,2021-05-29,"Johnson&Johnson, Moderna, Oxford/AstraZeneca, Pfizer/BioNTech",https://impfdashboard.de/,50605720,36241887,14831027,0
Germany,2021-05-30,"Johnson&Johnson, Moderna, Oxford/AstraZeneca, Pfizer/BioNTech",https://impfdashboard.de/,50879160,36344476,15011194,0
Germany,2021-05-31,"Johnson&Johnson, Moderna, Oxford/AstraZeneca, Pfizer/BioNTech",https://impfdashboard.de/,51460080,36593417,15394857,0
Germany,2021-06-01,"Johnson&Johnson, Moderna, Oxford/AstraZeneca, Pfizer/BioNTech",https://impfdashboard.de/,52486684,37093074,16006866,250
Germany,2021-06-02,"Johnson&Johnson, Moderna, Oxford/AstraZeneca, Pfizer/BioNTech",https://impfdashboard.de/,53802342,37757643,16772709,434
Germany,2021-06-03,"Johnson&Johnson, Moderna, Oxford/AstraZeneca, Pfizer/BioNTech",https://impfdashboard.de/,54441378,38041237,17181435,603
Germany,2021-06-04,"Johnson&Johnson, Moderna, Oxford/AstraZeneca, Pfizer/BioNTech",https://impfdashboard.de/,55243654,38406680,17696987,1029
Germany,2021-06-05,"Johnson&Johnson, Moderna, Oxford/AstraZeneca, Pfizer/BioNTech",https://impfdashboard.de/,55656036,38537137,18017014,1195
Germany,2021-06-06,"Johnson&Johnson, Moderna, Oxford/AstraZeneca, Pfizer/BioNTech",https://impfdashboard.de/,55928936,38600609,18239476,1315
Germany,2021-06-07,"Johnson&Johnson, Moderna, Oxford/AstraZeneca, Pfizer/BioNTech",https://impfdashboard.de/,56539151,38845551,18658844,1430
Germany,2021-06-08,"Johnson&Johnson, Moderna, Oxford/AstraZeneca, Pfizer/BioNTech",https://impfdashboard.de/,57685113,39287217,19436097,1589
Germany,2021-06-09,"Johnson&Johnson, Moderna, Oxford/AstraZeneca, Pfizer/BioNTech",https://impfdashboard.de/,59191140,39864065,20464385,1830
Germany,2021-06-10,"Johnson&Johnson, Moderna, Oxford/AstraZeneca, Pfizer/BioNTech",https://impfdashboard.de/,60409536,40375530,21264150,2113
Germany,2021-06-11,"Johnson&Johnson, Moderna, Oxford/AstraZeneca, Pfizer/BioNTech",https://impfdashboard.de/,61448671,40836549,21940277,2506
Germany,2021-06-12,"Johnson&Johnson, Moderna, Oxford/AstraZeneca, Pfizer/BioNTech",https://impfdashboard.de/,61881966,41003088,22245751,2708
Germany,2021-06-13,"Johnson&Johnson, Moderna, Oxford/AstraZeneca, Pfizer/BioNTech",https://impfdashboard.de/,62144358,41070952,22451373,2933
Germany,2021-06-14,"Johnson&Johnson, Moderna, Oxford/AstraZeneca, Pfizer/BioNTech",https://impfdashboard.de/,62786646,41334834,22885916,3318
Germany,2021-06-15,"Johnson&Johnson, Moderna, Oxford/AstraZeneca, Pfizer/BioNTech",https://impfdashboard.de/,63927748,41778549,23645028,3589
Germany,2021-06-16,"Johnson&Johnson, Moderna, Oxford/AstraZeneca, Pfizer/BioNTech",https://impfdashboard.de/,65367197,42344598,24596151,3766
Germany,2021-06-17,"Johnson&Johnson, Moderna, Oxford/AstraZeneca, Pfizer/BioNTech",https://impfdashboard.de/,66525989,42824809,25345592,4544
Germany,2021-06-18,"Johnson&Johnson, Moderna, Oxford/AstraZeneca, Pfizer/BioNTech",https://impfdashboard.de/,67493708,43236217,25970666,4734
Germany,2021-06-19,"Johnson&Johnson, Moderna, Oxford/AstraZeneca, Pfizer/BioNTech",https://impfdashboard.de/,67918474,43383713,26273929,4870
Germany,2021-06-20,"Johnson&Johnson, Moderna, Oxford/AstraZeneca, Pfizer/BioNTech",https://impfdashboard.de/,68197152,43456758,26490602,4954
Germany,2021-06-21,"Johnson&Johnson, Moderna, Oxford/AstraZeneca, Pfizer/BioNTech",https://impfdashboard.de/,68819841,43695406,26908485,5083
Germany,2021-06-22,"Johnson&Johnson, Moderna, Oxford/AstraZeneca, Pfizer/BioNTech",https://impfdashboard.de/,69980202,44132437,27664422,5222
Germany,2021-06-23,"Johnson&Johnson, Moderna, Oxford/AstraZeneca, Pfizer/BioNTech",https://impfdashboard.de/,71404044,44694002,28563251,5346
Germany,2021-06-24,"Johnson&Johnson, Moderna, Oxford/AstraZeneca, Pfizer/BioNTech",https://impfdashboard.de/,72441419,45242861,29093696,5458
Germany,2021-06-25,"Johnson&Johnson, Moderna, Oxford/AstraZeneca, Pfizer/BioNTech",https://impfdashboard.de/,73341973,45658821,29619485,5581
Germany,2021-06-26,"Johnson&Johnson, Moderna, Oxford/AstraZeneca, Pfizer/BioNTech",https://impfdashboard.de/,73751908,45812992,29891486,5702
Germany,2021-06-27,"Johnson&Johnson, Moderna, Oxford/AstraZeneca, Pfizer/BioNTech",https://impfdashboard.de/,74030639,45901359,30085993,5771
Germany,2021-06-28,"Johnson&Johnson, Moderna, Oxford/AstraZeneca, Pfizer/BioNTech",https://impfdashboard.de/,74648878,46161842,30467205,5871
Germany,2021-06-29,"Johnson&Johnson, Moderna, Oxford/AstraZeneca, Pfizer/BioNTech",https://impfdashboard.de/,75651681,46604368,31049942,5972
Germany,2021-06-30,"Johnson&Johnson, Moderna, Oxford/AstraZeneca, Pfizer/BioNTech",https://impfdashboard.de/,76777660,47124697,31676557,6061
Germany,2021-07-01,"Johnson&Johnson, Moderna, Oxford/AstraZeneca, Pfizer/BioNTech",https://impfdashboard.de/,77732685,47589674,32188159,6151
Germany,2021-07-02,"Johnson&Johnson, Moderna, Oxford/AstraZeneca, Pfizer/BioNTech",https://impfdashboard.de/,78559870,47981243,32645696,6279
Germany,2021-07-03,"Johnson&Johnson, Moderna, Oxford/AstraZeneca, Pfizer/BioNTech",https://impfdashboard.de/,78938604,48146484,32875354,6344
Germany,2021-07-04,"Johnson&Johnson, Moderna, Oxford/AstraZeneca, Pfizer/BioNTech",https://impfdashboard.de/,79193764,48240414,33044532,6407
Germany,2021-07-05,"Johnson&Johnson, Moderna, Oxford/AstraZeneca, Pfizer/BioNTech",https://impfdashboard.de/,79723745,48447317,33383208,6511
Germany,2021-07-06,"Johnson&Johnson, Moderna, Oxford/AstraZeneca, Pfizer/BioNTech",https://impfdashboard.de/,80566507,48755927,33933462,6589
Germany,2021-07-07,"Johnson&Johnson, Moderna, Oxford/AstraZeneca, Pfizer/BioNTech",https://impfdashboard.de/,81633655,49116019,34658878,6755
Germany,2021-07-08,"Johnson&Johnson, Moderna, Oxford/AstraZeneca, Pfizer/BioNTech",https://impfdashboard.de/,82504995,49405949,35260528,6851
Germany,2021-07-09,"Johnson&Johnson, Moderna, Oxford/AstraZeneca, Pfizer/BioNTech",https://impfdashboard.de/,83234836,49631227,35783647,7018
Germany,2021-07-10,"Johnson&Johnson, Moderna, Oxford/AstraZeneca, Pfizer/BioNTech",https://impfdashboard.de/,83571885,49736298,36027086,7100
Germany,2021-07-11,"Johnson&Johnson, Moderna, Oxford/AstraZeneca, Pfizer/BioNTech",https://impfdashboard.de/,83791008,49803760,36187219,7159
Germany,2021-07-12,"Johnson&Johnson, Moderna, Oxford/AstraZeneca, Pfizer/BioNTech",https://impfdashboard.de/,84256536,49965268,36505875,7260
Germany,2021-07-13,"Johnson&Johnson, Moderna, Oxford/AstraZeneca, Pfizer/BioNTech",https://impfdashboard.de/,85082479,50174916,37141844,7345
Germany,2021-07-14,"Johnson&Johnson, Moderna, Oxford/AstraZeneca, Pfizer/BioNTech",https://impfdashboard.de/,86138405,50414667,37982038,7559
Germany,2021-07-15,"Johnson&Johnson, Moderna, Oxford/AstraZeneca, Pfizer/BioNTech",https://impfdashboard.de/,86923435,50615524,38589383,7770
Germany,2021-07-16,"Johnson&Johnson, Moderna, Oxford/AstraZeneca, Pfizer/BioNTech",https://impfdashboard.de/,87567048,50786607,39083838,7892
Germany,2021-07-17,"Johnson&Johnson, Moderna, Oxford/AstraZeneca, Pfizer/BioNTech",https://impfdashboard.de/,87846138,50876058,39288871,11272
Germany,2021-07-18,"Johnson&Johnson, Moderna, Oxford/AstraZeneca, Pfizer/BioNTech",https://impfdashboard.de/,88025113,50944496,39409764,11316
Germany,2021-07-19,"Johnson&Johnson, Moderna, Oxford/AstraZeneca, Pfizer/BioNTech",https://impfdashboard.de/,88394204,51047603,39688759,11407
Germany,2021-07-20,"Johnson&Johnson, Moderna, Oxford/AstraZeneca, Pfizer/BioNTech",https://impfdashboard.de/,89051713,51196748,40210395,11527
Germany,2021-07-21,"Johnson&Johnson, Moderna, Oxford/AstraZeneca, Pfizer/BioNTech",https://impfdashboard.de/,89862719,51375727,40856444,11633
Germany,2021-07-22,"Johnson&Johnson, Moderna, Oxford/AstraZeneca, Pfizer/BioNTech",https://impfdashboard.de/,90518966,51519707,41382840,11737
Germany,2021-07-23,"Johnson&Johnson, Moderna, Oxford/AstraZeneca, Pfizer/BioNTech",https://impfdashboard.de/,91057735,51643022,41815111,11878
Germany,2021-07-24,"Johnson&Johnson, Moderna, Oxford/AstraZeneca, Pfizer/BioNTech",https://impfdashboard.de/,91267327,51706198,41973328,12195
Germany,2021-07-25,"Johnson&Johnson, Moderna, Oxford/AstraZeneca, Pfizer/BioNTech",https://impfdashboard.de/,91379158,51742962,42054198,12238
Germany,2021-07-26,"Johnson&Johnson, Moderna, Oxford/AstraZeneca, Pfizer/BioNTech",https://impfdashboard.de/,91712045,51824836,42316447,12326
Germany,2021-07-27,"Johnson&Johnson, Moderna, Oxford/AstraZeneca, Pfizer/BioNTech",https://impfdashboard.de/,92310265,51942716,42809723,12470
Germany,2021-07-28,"Johnson&Johnson, Moderna, Oxford/AstraZeneca, Pfizer/BioNTech",https://impfdashboard.de/,93050511,52086233,43420377,12735
Germany,2021-07-29,"Johnson&Johnson, Moderna, Oxford/AstraZeneca, Pfizer/BioNTech",https://impfdashboard.de/,93641216,52208396,43903274,12983
Germany,2021-07-30,"Johnson&Johnson, Moderna, Oxford/AstraZeneca, Pfizer/BioNTech",https://impfdashboard.de/,94115988,52315834,44286232,13320
Germany,2021-07-31,"Johnson&Johnson, Moderna, Oxford/AstraZeneca, Pfizer/BioNTech",https://impfdashboard.de/,94306459,52375180,44429434,13545
Germany,2021-08-01,"Johnson&Johnson, Moderna, Oxford/AstraZeneca, Pfizer/BioNTech",https://impfdashboard.de/,94411740,52410046,44505542,13740
Germany,2021-08-02,"Johnson&Johnson, Moderna, Oxford/AstraZeneca, Pfizer/BioNTech",https://impfdashboard.de/,94702076,52480510,44736551,13967
Germany,2021-08-03,"Johnson&Johnson, Moderna, Oxford/AstraZeneca, Pfizer/BioNTech",https://impfdashboard.de/,95202115,52577167,45152984,14369
Germany,2021-08-04,"Johnson&Johnson, Moderna, Oxford/AstraZeneca, Pfizer/BioNTech",https://impfdashboard.de/,95815655,52696636,45660103,14766
Germany,2021-08-05,"Johnson&Johnson, Moderna, Oxford/AstraZeneca, Pfizer/BioNTech",https://impfdashboard.de/,96348930,52801248,46103337,15132
Germany,2021-08-06,"Johnson&Johnson, Moderna, Oxford/AstraZeneca, Pfizer/BioNTech",https://impfdashboard.de/,96777180,52896380,46451172,15536
Germany,2021-08-07,"Johnson&Johnson, Moderna, Oxford/AstraZeneca, Pfizer/BioNTech",https://impfdashboard.de/,96957888,52949867,46590779,15997
Germany,2021-08-08,"Johnson&Johnson, Moderna, Oxford/AstraZeneca, Pfizer/BioNTech",https://impfdashboard.de/,97067088,52976557,46676971,16164
Germany,2021-08-09,"Johnson&Johnson, Moderna, Oxford/AstraZeneca, Pfizer/BioNTech",https://impfdashboard.de/,97359921,53038835,46916581,16520
Germany,2021-08-10,"Johnson&Johnson, Moderna, Oxford/AstraZeneca, Pfizer/BioNTech",https://impfdashboard.de/,97826447,53131702,47301666,16887
Germany,2021-08-11,"Johnson&Johnson, Moderna, Oxford/AstraZeneca, Pfizer/BioNTech",https://impfdashboard.de/,98403005,53260142,47765282,17524
Germany,2021-08-12,"Johnson&Johnson, Moderna, Oxford/AstraZeneca, Pfizer/BioNTech",https://impfdashboard.de/,98889566,53386382,48144685,18137
Germany,2021-08-13,"Johnson&Johnson, Moderna, Oxford/AstraZeneca, Pfizer/BioNTech",https://impfdashboard.de/,99294887,53499674,48455843,18770
Germany,2021-08-14,"Johnson&Johnson, Moderna, Oxford/AstraZeneca, Pfizer/BioNTech",https://impfdashboard.de/,99489418,53567204,48598248,19420
Germany,2021-08-15,"Johnson&Johnson, Moderna, Oxford/AstraZeneca, Pfizer/BioNTech",https://impfdashboard.de/,99601454,53604610,48679557,19658
Germany,2021-08-16,"Johnson&Johnson, Moderna, Oxford/AstraZeneca, Pfizer/BioNTech",https://impfdashboard.de/,99866008,53689824,48872429,20386
Germany,2021-08-17,"Johnson&Johnson, Moderna, Oxford/AstraZeneca, Pfizer/BioNTech",https://impfdashboard.de/,100260971,53813466,49159056,21142
Germany,2021-08-18,"Johnson&Johnson, Moderna, Oxford/AstraZeneca, Pfizer/BioNTech",https://impfdashboard.de/,100716474,53961173,49485062,22107
Germany,2021-08-19,"Johnson&Johnson, Moderna, Oxford/AstraZeneca, Pfizer/BioNTech",https://impfdashboard.de/,101091711,54098482,49741811,23232
Germany,2021-08-20,"Johnson&Johnson, Moderna, Oxford/AstraZeneca, Pfizer/BioNTech",https://impfdashboard.de/,101401597,54222378,49947277,24421
Germany,2021-08-21,"Johnson&Johnson, Moderna, Oxford/AstraZeneca, Pfizer/BioNTech",https://impfdashboard.de/,101555545,54295149,50041940,25085
Germany,2021-08-22,"Johnson&Johnson, Moderna, Oxford/AstraZeneca, Pfizer/BioNTech",https://impfdashboard.de/,101646421,54334311,50099169,25455
Germany,2021-08-23,"Johnson&Johnson, Moderna, Oxford/AstraZeneca, Pfizer/BioNTech",https://impfdashboard.de/,101870880,54426036,50245092,26301
Germany,2021-08-24,"Johnson&Johnson, Moderna, Oxford/AstraZeneca, Pfizer/BioNTech",https://impfdashboard.de/,102189966,54557115,50448412,27600
Germany,2021-08-25,"Johnson&Johnson, Moderna, Oxford/AstraZeneca, Pfizer/BioNTech",https://impfdashboard.de/,102552579,54708340,50676706,29571
Germany,2021-08-26,"Johnson&Johnson, Moderna, Oxford/AstraZeneca, Pfizer/BioNTech",https://impfdashboard.de/,102862875,54848290,50863722,31547
Germany,2021-08-27,"Johnson&Johnson, Moderna, Oxford/AstraZeneca, Pfizer/BioNTech",https://impfdashboard.de/,103126461,54969253,51023516,33670
Germany,2021-08-28,"Johnson&Johnson, Moderna, Oxford/AstraZeneca, Pfizer/BioNTech",https://impfdashboard.de/,103264148,55039926,51104341,34841
Germany,2021-08-29,"Johnson&Johnson, Moderna, Oxford/AstraZeneca, Pfizer/BioNTech",https://impfdashboard.de/,103345031,55076019,51154629,35644
Germany,2021-08-30,"Johnson&Johnson, Moderna, Oxford/AstraZeneca, Pfizer/BioNTech",https://impfdashboard.de/,103532533,55161715,51268405,37002
Germany,2021-08-31,"Johnson&Johnson, Moderna, Oxford/AstraZeneca, Pfizer/BioNTech",https://impfdashboard.de/,103805349,55288161,51427720,39291
Germany,2021-09-01,"Johnson&Johnson, Moderna, Oxford/AstraZeneca, Pfizer/BioNTech",https://impfdashboard.de/,104130591,55423966,51609541,62586
Germany,2021-09-02,"Johnson&Johnson, Moderna, Oxford/AstraZeneca, Pfizer/BioNTech",https://impfdashboard.de/,104407119,55546624,51759732,81345
Germany,2021-09-03,"Johnson&Johnson, Moderna, Oxford/AstraZeneca, Pfizer/BioNTech",https://impfdashboard.de/,104630534,55644506,51883972,97092
Germany,2021-09-04,"Johnson&Johnson, Moderna, Oxford/AstraZeneca, Pfizer/BioNTech",https://impfdashboard.de/,104736897,55692373,51947647,101791
Germany,2021-09-05,"Johnson&Johnson, Moderna, Oxford/AstraZeneca, Pfizer/BioNTech",https://impfdashboard.de/,104796761,55718832,51982929,104874
Germany,2021-09-06,"Johnson&Johnson, Moderna, Oxford/AstraZeneca, Pfizer/BioNTech",https://impfdashboard.de/,104950000,55783533,52064921,120636
Germany,2021-09-07,"Johnson&Johnson, Moderna, Oxford/AstraZeneca, Pfizer/BioNTech",https://impfdashboard.de/,105195315,55885270,52194372,146196
Germany,2021-09-08,"Johnson&Johnson, Moderna, Oxford/AstraZeneca, Pfizer/BioNTech",https://impfdashboard.de/,105479678,55999339,52345952,177760
Germany,2021-09-09,"Johnson&Johnson, Moderna, Oxford/AstraZeneca, Pfizer/BioNTech",https://impfdashboard.de/,105747895,56110449,52489277,205558
Germany,2021-09-10,"Johnson&Johnson, Moderna, Oxford/AstraZeneca, Pfizer/BioNTech",https://impfdashboard.de/,105967585,56195996,52616943,227582
Germany,2021-09-11,"Johnson&Johnson, Moderna, Oxford/AstraZeneca, Pfizer/BioNTech",https://impfdashboard.de/,106075881,56239142,52686795,233789
Germany,2021-09-12,"Johnson&Johnson, Moderna, Oxford/AstraZeneca, Pfizer/BioNTech",https://impfdashboard.de/,106137479,56261907,52726390,238239
Germany,2021-09-13,"Johnson&Johnson, Moderna, Oxford/AstraZeneca, Pfizer/BioNTech",https://impfdashboard.de/,106297893,56323715,52816772,258538
Germany,2021-09-14,"Johnson&Johnson, Moderna, Oxford/AstraZeneca, Pfizer/BioNTech",https://impfdashboard.de/,106560819,56426928,52952864,295368
Germany,2021-09-15,"Johnson&Johnson, Moderna, Oxford/AstraZeneca, Pfizer/BioNTech",https://impfdashboard.de/,106871846,56540490,53116458,344342
Germany,2021-09-16,"Johnson&Johnson, Moderna, Oxford/AstraZeneca, Pfizer/BioNTech",https://impfdashboard.de/,107162141,56654575,53268712,384541
Germany,2021-09-17,"Johnson&Johnson, Moderna, Oxford/AstraZeneca, Pfizer/BioNTech",https://impfdashboard.de/,107399232,56743265,53402125,415271
Germany,2021-09-18,"Johnson&Johnson, Moderna, Oxford/AstraZeneca, Pfizer/BioNTech",https://impfdashboard.de/,107510551,56784640,53474468,423013
Germany,2021-09-19,"Johnson&Johnson, Moderna, Oxford/AstraZeneca, Pfizer/BioNTech",https://impfdashboard.de/,107573540,56806352,53515270,428045
Germany,2021-09-20,"Johnson&Johnson, Moderna, Oxford/AstraZeneca, Pfizer/BioNTech",https://impfdashboard.de/,107731890,56859195,53605216,453314
Germany,2021-09-21,"Johnson&Johnson, Moderna, Oxford/AstraZeneca, Pfizer/BioNTech",https://impfdashboard.de/,107993181,56948158,53740728,500845
Germany,2021-09-22,"Johnson&Johnson, Moderna, Oxford/AstraZeneca, Pfizer/BioNTech",https://impfdashboard.de/,108293034,57044015,53895596,562077
Germany,2021-09-23,"Johnson&Johnson, Moderna, Oxford/AstraZeneca, Pfizer/BioNTech",https://impfdashboard.de/,108576974,57142833,54043678,612544
Germany,2021-09-24,"Johnson&Johnson, Moderna, Oxford/AstraZeneca, Pfizer/BioNTech",https://impfdashboard.de/,108799983,57216765,54170501,647482
Germany,2021-09-25,"Johnson&Johnson, Moderna, Oxford/AstraZeneca, Pfizer/BioNTech",https://impfdashboard.de/,108899342,57249092,54236352,657222
Germany,2021-09-26,"Johnson&Johnson, Moderna, Oxford/AstraZeneca, Pfizer/BioNTech",https://impfdashboard.de/,108952975,57266083,54271926,662404
Germany,2021-09-27,"Johnson&Johnson, Moderna, Oxford/AstraZeneca, Pfizer/BioNTech",https://impfdashboard.de/,109100910,57312952,54353247,690247
Germany,2021-09-28,"Johnson&Johnson, Moderna, Oxford/AstraZeneca, Pfizer/BioNTech",https://impfdashboard.de/,109351019,57394391,54479955,742253
Germany,2021-09-29,"Johnson&Johnson, Moderna, Oxford/AstraZeneca, Pfizer/BioNTech",https://impfdashboard.de/,109618373,57476589,54614643,802686
Germany,2021-09-30,"Johnson&Johnson, Moderna, Oxford/AstraZeneca, Pfizer/BioNTech",https://impfdashboard.de/,109850345,57551467,54737664,846908
Germany,2021-10-01,"Johnson&Johnson, Moderna, Oxford/AstraZeneca, Pfizer/BioNTech",https://impfdashboard.de/,109978198,57595651,54803252,870964
Germany,2021-10-02,"Johnson&Johnson, Moderna, Oxford/AstraZeneca, Pfizer/BioNTech",https://impfdashboard.de/,110010490,57609265,54821541,874533
Germany,2021-10-03,"Johnson&Johnson, Moderna, Oxford/AstraZeneca, Pfizer/BioNTech",https://impfdashboard.de/,110024385,57614693,54829338,876258
Germany,2021-10-04,"Johnson&Johnson, Moderna, Oxford/AstraZeneca, Pfizer/BioNTech",https://impfdashboard.de/,110120237,57647008,54877822,896230
Germany,2021-10-05,"Johnson&Johnson, Moderna, Oxford/AstraZeneca, Pfizer/BioNTech",https://impfdashboard.de/,110303112,57702353,54968129,938951
Germany,2021-10-06,"Johnson&Johnson, Moderna, Oxford/AstraZeneca, Pfizer/BioNTech",https://impfdashboard.de/,110508018,57760848,55067300,992221
Germany,2021-10-07,"Johnson&Johnson, Moderna, Oxford/AstraZeneca, Pfizer/BioNTech",https://impfdashboard.de/,110719982,57823526,55171159,1044557
Germany,2021-10-08,"Johnson&Johnson, Moderna, Oxford/AstraZeneca, Pfizer/BioNTech",https://impfdashboard.de/,110903008,57881529,55260144,1087336
Germany,2021-10-09,"Johnson&Johnson, Moderna, Oxford/AstraZeneca, Pfizer/BioNTech",https://impfdashboard.de/,110944598,57897955,55283127,1092773
Germany,2021-10-10,"Johnson&Johnson, Moderna, Oxford/AstraZeneca, Pfizer/BioNTech",https://impfdashboard.de/,110961954,57904765,55292609,1095216
Germany,2021-10-11,"Johnson&Johnson, Moderna, Oxford/AstraZeneca, Pfizer/BioNTech",https://impfdashboard.de/,111058126,57934527,55338522,1119537
Germany,2021-10-12,"Johnson&Johnson, Moderna, Oxford/AstraZeneca, Pfizer/BioNTech",https://impfdashboard.de/,111238101,57984889,55421376,1171089
Germany,2021-10-13,"Johnson&Johnson, Moderna, Oxford/AstraZeneca, Pfizer/BioNTech",https://impfdashboard.de/,111445303,58040713,55514735,1234109
Germany,2021-10-14,"Johnson&Johnson, Moderna, Oxford/AstraZeneca, Pfizer/BioNTech",https://impfdashboard.de/,111654077,58096600,55610580,1296335
Germany,2021-10-15,"Johnson&Johnson, Moderna, Oxford/AstraZeneca, Pfizer/BioNTech",https://impfdashboard.de/,111825997,58145300,55691017,1344382
Germany,2021-10-16,"Johnson&Johnson, Moderna, Oxford/AstraZeneca, Pfizer/BioNTech",https://impfdashboard.de/,111867969,58160905,55713820,1350612
Germany,2021-10-17,"Johnson&Johnson, Moderna, Oxford/AstraZeneca, Pfizer/BioNTech",https://impfdashboard.de/,111884802,58166721,55722532,1353946
Germany,2021-10-18,"Johnson&Johnson, Moderna, Oxford/AstraZeneca, Pfizer/BioNTech",https://impfdashboard.de/,111977705,58192497,55763325,1383262
Germany,2021-10-19,"Johnson&Johnson, Moderna, Oxford/AstraZeneca, Pfizer/BioNTech",https://impfdashboard.de/,112155986,58237794,55841437,1442107
Germany,2021-10-20,"Johnson&Johnson, Moderna, Oxford/AstraZeneca, Pfizer/BioNTech",https://impfdashboard.de/,112361107,58286920,55927482,1516201
Germany,2021-10-21,"Johnson&Johnson, Moderna, Oxford/AstraZeneca, Pfizer/BioNTech",https://impfdashboard.de/,112568248,58336849,56013513,1591538
Germany,2021-10-22,"Johnson&Johnson, Moderna, Oxford/AstraZeneca, Pfizer/BioNTech",https://impfdashboard.de/,112729192,58378114,56081865,1647121
Germany,2021-10-23,"Johnson&Johnson, Moderna, Oxford/AstraZeneca, Pfizer/BioNTech",https://impfdashboard.de/,112773753,58393234,56102376,1658256
Germany,2021-10-24,"Johnson&Johnson, Moderna, Oxford/AstraZeneca, Pfizer/BioNTech",https://impfdashboard.de/,112788570,58398071,56109405,1662040
Germany,2021-10-25,"Johnson&Johnson, Moderna, Oxford/AstraZeneca, Pfizer/BioNTech",https://impfdashboard.de/,112897072,58425958,56152665,1702287
Germany,2021-10-26,"Johnson&Johnson, Moderna, Oxford/AstraZeneca, Pfizer/BioNTech",https://impfdashboard.de/,113106947,58470577,56232816,1791127
Germany,2021-10-27,"Johnson&Johnson, Moderna, Oxford/AstraZeneca, Pfizer/BioNTech",https://impfdashboard.de/,113350286,58519449,56319814,1901914
Germany,2021-10-28,"Johnson&Johnson, Moderna, Oxford/AstraZeneca, Pfizer/BioNTech",https://impfdashboard.de/,113599706,58570503,56407025,2016789
Germany,2021-10-29,"Johnson&Johnson, Moderna, Oxford/AstraZeneca, Pfizer/BioNTech",https://impfdashboard.de/,113807235,58615023,56478843,2111791
Germany,2021-10-30,"Johnson&Johnson, Moderna, Oxford/AstraZeneca, Pfizer/BioNTech",https://impfdashboard.de/,113860618,58630897,56498993,2131330
Germany,2021-10-31,"Johnson&Johnson, Moderna, Oxford/AstraZeneca, Pfizer/BioNTech",https://impfdashboard.de/,113877075,58635720,56505144,2137489
Germany,2021-11-01,"Johnson&Johnson, Moderna, Oxford/AstraZeneca, Pfizer/BioNTech",https://impfdashboard.de/,113942242,58649336,56526090,2169608
Germany,2021-11-02,"Johnson&Johnson, Moderna, Oxford/AstraZeneca, Pfizer/BioNTech",https://impfdashboard.de/,114157147,58687379,56590724,2284203
Germany,2021-11-03,"Johnson&Johnson, Moderna, Oxford/AstraZeneca, Pfizer/BioNTech",https://impfdashboard.de/,114449339,58739707,56671100,2447770
Germany,2021-11-04,"Johnson&Johnson, Moderna, Oxford/AstraZeneca, Pfizer/BioNTech",https://impfdashboard.de/,114750712,58791830,56751569,2620112
Germany,2021-11-05,"Johnson&Johnson, Moderna, Oxford/AstraZeneca, Pfizer/BioNTech",https://impfdashboard.de/,115009093,58837450,56816296,2772205
Germany,2021-11-06,"Johnson&Johnson, Moderna, Oxford/AstraZeneca, Pfizer/BioNTech",https://impfdashboard.de/,115081259,58856125,56836209,2808598
Germany,2021-11-07,"Johnson&Johnson, Moderna, Oxford/AstraZeneca, Pfizer/BioNTech",https://impfdashboard.de/,115113834,58864228,56845443,2825036
Germany,2021-11-08,"Johnson&Johnson, Moderna, Oxford/AstraZeneca, Pfizer/BioNTech",https://impfdashboard.de/,115288407,58895461,56885423,2931497
Germany,2021-11-09,"Johnson&Johnson, Moderna, Oxford/AstraZeneca, Pfizer/BioNTech",https://impfdashboard.de/,115628684,58951789,56960954,3144584
Germany,2021-11-10,"Johnson&Johnson, Moderna, Oxford/AstraZeneca, Pfizer/BioNTech",https://impfdashboard.de/,116028793,59012034,57039441,3410466
Germany,2021-11-11,"Johnson&Johnson, Moderna, Oxford/AstraZeneca, Pfizer/BioNTech",https://impfdashboard.de/,116442461,59076081,57120286,3683717
Germany,2021-11-12,"Johnson&Johnson, Moderna, Oxford/AstraZeneca, Pfizer/BioNTech",https://impfdashboard.de/,116774970,59131063,57180019,3906265
Germany,2021-11-13,"Johnson&Johnson, Moderna, Oxford/AstraZeneca, Pfizer/BioNTech",https://impfdashboard.de/,116880039,59156942,57201642,3966824
Germany,2021-11-14,"Johnson&Johnson, Moderna, Oxford/AstraZeneca, Pfizer/BioNTech",https://impfdashboard.de/,116929371,59168118,57211494,3996045
Germany,2021-11-15,"Johnson&Johnson, Moderna, Oxford/AstraZeneca, Pfizer/BioNTech",https://impfdashboard.de/,117176186,59211147,57254405,4160367
Germany,2021-11-16,"Johnson&Johnson, Moderna, Oxford/AstraZeneca, Pfizer/BioNTech",https://impfdashboard.de/,117651218,59275399,57325634,4504164
Germany,2021-11-17,"Johnson&Johnson, Moderna, Oxford/AstraZeneca, Pfizer/BioNTech",https://impfdashboard.de/,118206393,59345553,57398696,4920629
Germany,2021-11-18,"Johnson&Johnson, Moderna, Oxford/AstraZeneca, Pfizer/BioNTech",https://impfdashboard.de/,118792083,59420643,57476431,5358619
Germany,2021-11-19,"Johnson&Johnson, Moderna, Oxford/AstraZeneca, Pfizer/BioNTech",https://impfdashboard.de/,119339764,59495528,57545789,5769007
Germany,2021-11-20,"Johnson&Johnson, Moderna, Oxford/AstraZeneca, Pfizer/BioNTech",https://impfdashboard.de/,119560757,59542057,57574136,5921584
Germany,2021-11-21,"Johnson&Johnson, Moderna, Oxford/AstraZeneca, Pfizer/BioNTech",https://impfdashboard.de/,119656449,59559404,57586154,5990031
Germany,2021-11-22,"Johnson&Johnson, Moderna, Oxford/AstraZeneca, Pfizer/BioNTech",https://impfdashboard.de/,120076731,59623067,57629967,6309321
Germany,2021-11-23,"Johnson&Johnson, Moderna, Oxford/AstraZeneca, Pfizer/BioNTech",https://impfdashboard.de/,120796092,59726514,57703597,6861396
Germany,2021-11-24,"Johnson&Johnson, Moderna, Oxford/AstraZeneca, Pfizer/BioNTech",https://impfdashboard.de/,121696707,59853972,57792855,7557207
Germany,2021-11-25,"Johnson&Johnson, Moderna, Oxford/AstraZeneca, Pfizer/BioNTech",https://impfdashboard.de/,122585879,59981501,57880651,8242958
Germany,2021-11-26,"Johnson&Johnson, Moderna, Oxford/AstraZeneca, Pfizer/BioNTech",https://impfdashboard.de/,123432235,60098509,57959431,8905466
Germany,2021-11-27,"Johnson&Johnson, Moderna, Oxford/AstraZeneca, Pfizer/BioNTech",https://impfdashboard.de/,124009169,60190601,58006324,9355251
Germany,2021-11-28,"Johnson&Johnson, Moderna, Oxford/AstraZeneca, Pfizer/BioNTech",https://impfdashboard.de/,124216068,60223100,58024138,9515896
Germany,2021-11-29,"Johnson&Johnson, Moderna, Oxford/AstraZeneca, Pfizer/BioNTech",https://impfdashboard.de/,124851966,60311884,58078966,10016205
Germany,2021-11-30,"Johnson&Johnson, Moderna, Oxford/AstraZeneca, Pfizer/BioNTech",https://impfdashboard.de/,125779920,60420626,58157018,10766048
Germany,2021-12-01,"Johnson&Johnson, Moderna, Oxford/AstraZeneca, Pfizer/BioNTech",https://impfdashboard.de/,126912893,60535408,58244459,11705083
Germany,2021-12-02,"Johnson&Johnson, Moderna, Oxford/AstraZeneca, Pfizer/BioNTech",https://impfdashboard.de/,128024116,60643701,58335577,12624950
Germany,2021-12-03,"Johnson&Johnson, Moderna, Oxford/AstraZeneca, Pfizer/BioNTech",https://impfdashboard.de/,129101632,60744350,58414385,13530233
Germany,2021-12-04,"Johnson&Johnson, Moderna, Oxford/AstraZeneca, Pfizer/BioNTech",https://impfdashboard.de/,129937397,60818376,58463477,14250048
Germany,2021-12-05,"Johnson&Johnson, Moderna, Oxford/AstraZeneca, Pfizer/BioNTech",https://impfdashboard.de/,130220520,60842004,58480307,14494553
Germany,2021-12-06,"Johnson&Johnson, Moderna, Oxford/AstraZeneca, Pfizer/BioNTech",https://impfdashboard.de/,130979232,60911881,58532378,15137319
Germany,2021-12-07,"Johnson&Johnson, Moderna, Oxford/AstraZeneca, Pfizer/BioNTech",https://impfdashboard.de/,132078481,60997948,58612852,16075571
Germany,2021-12-08,"Johnson&Johnson, Moderna, Oxford/AstraZeneca, Pfizer/BioNTech",https://impfdashboard.de/,133375919,61092134,58701439,17195848
Germany,2021-12-09,"Johnson&Johnson, Moderna, Oxford/AstraZeneca, Pfizer/BioNTech",https://impfdashboard.de/,134635693,61181911,58794851,18277575
Germany,2021-12-10,"Johnson&Johnson, Moderna, Oxford/AstraZeneca, Pfizer/BioNTech",https://impfdashboard.de/,135872844,61264831,58884473,19347768
Germany,2021-12-11,"Johnson&Johnson, Moderna, Oxford/AstraZeneca, Pfizer/BioNTech",https://impfdashboard.de/,136871654,61327489,58942290,20230132
Germany,2021-12-12,"Johnson&Johnson, Moderna, Oxford/AstraZeneca, Pfizer/BioNTech",https://impfdashboard.de/,137194296,61346131,58961532,20516087
Germany,2021-12-13,"Johnson&Johnson, Moderna, Oxford/AstraZeneca, Pfizer/BioNTech",https://impfdashboard.de/,138011786,61401348,59020828,21222520
Germany,2021-12-14,"Johnson&Johnson, Moderna, Oxford/AstraZeneca, Pfizer/BioNTech",https://impfdashboard.de/,139163681,61476595,59112974,22210574
Germany,2021-12-15,"Johnson&Johnson, Moderna, Oxford/AstraZeneca, Pfizer/BioNTech",https://impfdashboard.de/,140816005,61584874,59242819,23628597
Germany,2021-12-16,"Johnson&Johnson, Moderna, Oxford/AstraZeneca, Pfizer/BioNTech",https://impfdashboard.de/,142227104,61687354,59370180,24813697
Germany,2021-12-17,"Johnson&Johnson, Moderna, Oxford/AstraZeneca, Pfizer/BioNTech",https://impfdashboard.de/,143534176,61798299,59491073,25892310
Germany,2021-12-18,"Johnson&Johnson, Moderna, Oxford/AstraZeneca, Pfizer/BioNTech",https://impfdashboard.de/,144502668,61894509,59562771,26694657
Germany,2021-12-19,"Johnson&Johnson, Moderna, Oxford/AstraZeneca, Pfizer/BioNTech",https://impfdashboard.de/,144886983,61942528,59589281,27005182
Germany,2021-12-20,"Johnson&Johnson, Moderna, Oxford/AstraZeneca, Pfizer/BioNTech",https://impfdashboard.de/,145877808,62030676,59681496,27817543
Germany,2021-12-21,"Johnson&Johnson, Moderna, Oxford/AstraZeneca, Pfizer/BioNTech",https://impfdashboard.de/,147098468,62137590,59805757,28809632
Germany,2021-12-22,"Johnson&Johnson, Moderna, Oxford/AstraZeneca, Pfizer/BioNTech",https://impfdashboard.de/,148300969,62243581,59925839,29787924
Germany,2021-12-23,"Johnson&Johnson, Moderna, Oxford/AstraZeneca, Pfizer/BioNTech",https://impfdashboard.de/,149112288,62318296,60013395,30438429
Germany,2021-12-24,"Johnson&Johnson, Moderna, Oxford/AstraZeneca, Pfizer/BioNTech",https://impfdashboard.de/,149191219,62326901,60023878,30499111
Germany,2021-12-25,"Johnson&Johnson, Moderna, Oxford/AstraZeneca, Pfizer/BioNTech",https://impfdashboard.de/,149227304,62329054,60026417,30530591
Germany,2021-12-26,"Johnson&Johnson, Moderna, Oxford/AstraZeneca, Pfizer/BioNTech",https://impfdashboard.de/,149297679,62335580,60032799,30588146
Germany,2021-12-27,"Johnson&Johnson, Moderna, Oxford/AstraZeneca, Pfizer/BioNTech",https://impfdashboard.de/,149894914,62388099,60097021,31069707
Germany,2021-12-28,"Johnson&Johnson, Moderna, Oxford/AstraZeneca, Pfizer/BioNTech",https://impfdashboard.de/,150612457,62454011,60174966,31644813
Germany,2021-12-29,"Johnson&Johnson, Moderna, Oxford/AstraZeneca, Pfizer/BioNTech",https://impfdashboard.de/,151328416,62522624,60248474,32219592
Germany,2021-12-30,"Johnson&Johnson, Moderna, Oxford/AstraZeneca, Pfizer/BioNTech",https://impfdashboard.de/,151888365,62578825,60311096,32661604
Germany,2021-12-31,"Johnson&Johnson, Moderna, Oxford/AstraZeneca, Pfizer/BioNTech",https://impfdashboard.de/,152013313,62591867,60326556,32758938
Germany,2022-01-01,"Johnson&Johnson, Moderna, Oxford/AstraZeneca, Pfizer/BioNTech",https://impfdashboard.de/,152041999,62594084,60329485,32782508
Germany,2022-01-02,"Johnson&Johnson, Moderna, Oxford/AstraZeneca, Pfizer/BioNTech",https://impfdashboard.de/,152196123,62610503,60343900,32905938
Germany,2022-01-03,"Johnson&Johnson, Moderna, Oxford/AstraZeneca, Pfizer/BioNTech",https://impfdashboard.de/,152677147,62649944,60406328,33285764
Germany,2022-01-04,"Johnson&Johnson, Moderna, Oxford/AstraZeneca, Pfizer/BioNTech",https://impfdashboard.de/,153377675,62707371,60502912,33833371
Germany,2022-01-05,"Johnson&Johnson, Moderna, Oxford/AstraZeneca, Pfizer/BioNTech",https://impfdashboard.de/,154193891,62767707,60616650,34476410
Germany,2022-01-06,"Johnson&Johnson, Moderna, Oxford/AstraZeneca, Pfizer/BioNTech",https://impfdashboard.de/,154876304,62819069,60709556,35015344
Germany,2022-01-07,"Johnson&Johnson, Moderna, Oxford/AstraZeneca, Pfizer/BioNTech",https://impfdashboard.de/,155641310,62875697,60827971,35606656
Germany,2022-01-08,"Johnson&Johnson, Moderna, Oxford/AstraZeneca, Pfizer/BioNTech",https://impfdashboard.de/,156158892,62921154,60910974,35996323
Germany,2022-01-09,"Johnson&Johnson, Moderna, Oxford/AstraZeneca, Pfizer/BioNTech",https://impfdashboard.de/,156343631,62939855,60945886,36127672
Germany,2022-01-10,"Johnson&Johnson, Moderna, Oxford/AstraZeneca, Pfizer/BioNTech",https://impfdashboard.de/,156902744,62977204,61030988,36565116
Germany,2022-01-11,"Johnson&Johnson, Moderna, Oxford/AstraZeneca, Pfizer/BioNTech",https://impfdashboard.de/,157698343,63031438,61152417,37186204
Germany,2022-01-12,"Johnson&Johnson, Moderna, Oxford/AstraZeneca, Pfizer/BioNTech",https://impfdashboard.de/,158578080,63091192,61287437,37871987
Germany,2022-01-13,"Johnson&Johnson, Moderna, Oxford/AstraZeneca, Pfizer/BioNTech",https://impfdashboard.de/,159414145,63149453,61414336,38523718
Germany,2022-01-14,"Johnson&Johnson, Moderna, Oxford/AstraZeneca, Pfizer/BioNTech",https://impfdashboard.de/,160192195,63211844,61529813,39125119
Germany,2022-01-15,"Johnson&Johnson, Moderna, Oxford/AstraZeneca, Pfizer/BioNTech",https://impfdashboard.de/,160657550,63270357,61601417,39460735
Germany,2022-01-16,"Johnson&Johnson, Moderna, Oxford/AstraZeneca, Pfizer/BioNTech",https://impfdashboard.de/,160811936,63289158,61625025,39573035
Germany,2022-01-17,"Johnson&Johnson, Moderna, Oxford/AstraZeneca, Pfizer/BioNTech",https://impfdashboard.de/,161292156,63328674,61699678,39939784
Germany,2022-01-18,"Johnson&Johnson, Moderna, Oxford/AstraZeneca, Pfizer/BioNTech",https://impfdashboard.de/,161944010,63379295,61797937,40443576
Germany,2022-01-19,"Johnson&Johnson, Moderna, Oxford/AstraZeneca, Pfizer/BioNTech",https://impfdashboard.de/,162623482,63437827,61904226,40959045
Germany,2022-01-20,"Johnson&Johnson, Moderna, Oxford/AstraZeneca, Pfizer/BioNTech",https://impfdashboard.de/,163324094,63495583,62011642,41494864
Germany,2022-01-21,"Johnson&Johnson, Moderna, Oxford/AstraZeneca, Pfizer/BioNTech",https://impfdashboard.de/,163920239,63548804,62106584,41943270
Germany,2022-01-22,"Johnson&Johnson, Moderna, Oxford/AstraZeneca, Pfizer/BioNTech",https://impfdashboard.de/,164215334,63587019,62164264,42142640
Germany,2022-01-23,"Johnson&Johnson, Moderna, Oxford/AstraZeneca, Pfizer/BioNTech",https://impfdashboard.de/,164323014,63600286,62190859,42210475
Germany,2022-01-24,"Johnson&Johnson, Moderna, Oxford/AstraZeneca, Pfizer/BioNTech",https://impfdashboard.de/,164679488,63631321,62255998,42470993
Germany,2022-01-25,"Johnson&Johnson, Moderna, Oxford/AstraZeneca, Pfizer/BioNTech",https://impfdashboard.de/,165179124,63672776,62342495,42843195
Germany,2022-01-26,"Johnson&Johnson, Moderna, Oxford/AstraZeneca, Pfizer/BioNTech",https://impfdashboard.de/,165682132,63714244,62427439,43219991
Germany,2022-01-27,"Johnson&Johnson, Moderna, Oxford/AstraZeneca, Pfizer/BioNTech",https://impfdashboard.de/,166191269,63755997,62521316,43591521
Germany,2022-01-28,"Johnson&Johnson, Moderna, Oxford/AstraZeneca, Pfizer/BioNTech",https://impfdashboard.de/,166627787,63794472,62602882,43907859
Germany,2022-01-29,"Johnson&Johnson, Moderna, Oxford/AstraZeneca, Pfizer/BioNTech",https://impfdashboard.de/,166838619,63820908,62656289,44038795
Germany,2022-01-30,"Johnson&Johnson, Moderna, Oxford/AstraZeneca, Pfizer/BioNTech",https://impfdashboard.de/,166914166,63829810,62677225,44084474
Germany,2022-01-31,"Johnson&Johnson, Moderna, Oxford/AstraZeneca, Pfizer/BioNTech",https://impfdashboard.de/,167146370,63851333,62725132,44247309
Germany,2022-02-01,"Johnson&Johnson, Moderna, Oxford/AstraZeneca, Pfizer/BioNTech",https://impfdashboard.de/,167438708,63876846,62781905,44457243
Germany,2022-02-02,"Johnson&Johnson, Moderna, Oxford/AstraZeneca, Pfizer/BioNTech",https://impfdashboard.de/,167799754,63907415,62850984,44718381
Germany,2022-02-03,"Johnson&Johnson, Moderna, Oxford/AstraZeneca, Pfizer/BioNTech",https://impfdashboard.de/,168141386,63936111,62918013,44964128
Germany,2022-02-04,"Johnson&Johnson, Moderna, Oxford/AstraZeneca, Pfizer/BioNTech",https://impfdashboard.de/,168453395,63962208,62986904,45180953
Germany,2022-02-05,"Johnson&Johnson, Moderna, Oxford/AstraZeneca, Pfizer/BioNTech",https://impfdashboard.de/,168600871,63978555,63038749,45260291
Germany,2022-02-06,"Johnson&Johnson, Moderna, Oxford/AstraZeneca, Pfizer/BioNTech",https://impfdashboard.de/,168653616,63984126,63056967,45289221
Germany,2022-02-07,"Johnson&Johnson, Moderna, Oxford/AstraZeneca, Pfizer/BioNTech",https://impfdashboard.de/,168820926,63996938,63096619,45404024
Germany,2022-02-08,"Johnson&Johnson, Moderna, Oxford/AstraZeneca, Pfizer/BioNTech",https://impfdashboard.de/,169096987,64018451,63155412,45599506
Germany,2022-02-09,"Johnson&Johnson, Moderna, Oxford/AstraZeneca, Pfizer/BioNTech",https://impfdashboard.de/,169379507,64038407,63215418,45802039
Germany,2022-02-10,"Johnson&Johnson, Moderna, Oxford/AstraZeneca, Pfizer/BioNTech",https://impfdashboard.de/,169656172,64057165,63273986,46001257
Germany,2022-02-11,"Johnson&Johnson, Moderna, Oxford/AstraZeneca, Pfizer/BioNTech",https://impfdashboard.de/,169906129,64074616,63331915,46175750
Germany,2022-02-12,"Johnson&Johnson, Moderna, Oxford/AstraZeneca, Pfizer/BioNTech",https://impfdashboard.de/,170016431,64085102,63369272,46238160
Germany,2022-02-13,"Johnson&Johnson, Moderna, Oxford/AstraZeneca, Pfizer/BioNTech",https://impfdashboard.de/,170050823,64088120,63380732,46258070
Germany,2022-02-14,"Johnson&Johnson, Moderna, Oxford/AstraZeneca, Pfizer/BioNTech",https://impfdashboard.de/,170184534,64097654,63410551,46352396
Germany,2022-02-15,"Johnson&Johnson, Moderna, Oxford/AstraZeneca, Pfizer/BioNTech",https://impfdashboard.de/,170408071,64112049,63456852,46515052
Germany,2022-02-16,"Johnson&Johnson, Moderna, Oxford/AstraZeneca, Pfizer/BioNTech",https://impfdashboard.de/,170632510,64125070,63500481,46682789
Germany,2022-02-17,"Johnson&Johnson, Moderna, Oxford/AstraZeneca, Pfizer/BioNTech",https://impfdashboard.de/,170860557,64137878,63546332,46852140
Germany,2022-02-18,"Johnson&Johnson, Moderna, Oxford/AstraZeneca, Pfizer/BioNTech",https://impfdashboard.de/,171070904,64154048,63594172,46998435
Germany,2022-02-19,"Johnson&Johnson, Moderna, Oxford/AstraZeneca, Pfizer/BioNTech",https://impfdashboard.de/,171151957,64160743,63621904,47044989
Germany,2022-02-20,"Johnson&Johnson, Moderna, Oxford/AstraZeneca, Pfizer/BioNTech",https://impfdashboard.de/,171182820,64163118,63631334,47064067
Germany,2022-02-21,"Johnson&Johnson, Moderna, Oxford/AstraZeneca, Pfizer/BioNTech",https://impfdashboard.de/,171315044,64173387,63659751,47157633
Germany,2022-02-22,"Johnson&Johnson, Moderna, Oxford/AstraZeneca, Pfizer/BioNTech",https://impfdashboard.de/,171518143,64185065,63698150,47310556
Germany,2022-02-23,"Johnson&Johnson, Moderna, Oxford/AstraZeneca, Pfizer/BioNTech",https://impfdashboard.de/,171725405,64195827,63734508,47470733
Germany,2022-02-24,"Johnson&Johnson, Moderna, Oxford/AstraZeneca, Pfizer/BioNTech",https://impfdashboard.de/,171935608,64207221,63772737,47631309
Germany,2022-02-25,"Johnson&Johnson, Moderna, Oxford/AstraZeneca, Pfizer/BioNTech",https://impfdashboard.de/,172111053,64216723,63806616,47763333
Germany,2022-02-26,"Johnson&Johnson, Moderna, Novavax, Oxford/AstraZeneca, Pfizer/BioNTech",https://impfdashboard.de/,172172894,64221694,63825000,47801797
Germany,2022-02-27,"Johnson&Johnson, Moderna, Novavax, Oxford/AstraZeneca, Pfizer/BioNTech",https://impfdashboard.de/,172192155,64224044,63830018,47813701
Germany,2022-02-28,"Johnson&Johnson, Moderna, Novavax, Oxford/AstraZeneca, Pfizer/BioNTech",https://impfdashboard.de/,172295245,64232830,63848183,47889796
Germany,2022-03-01,"Johnson&Johnson, Moderna, Novavax, Oxford/AstraZeneca, Pfizer/BioNTech",https://impfdashboard.de/,172457490,64242916,63872527,48017554
Germany,2022-03-02,"Johnson&Johnson, Moderna, Novavax, Oxford/AstraZeneca, Pfizer/BioNTech",https://impfdashboard.de/,172617955,64253812,63896603,48143070
Germany,2022-03-03,"Johnson&Johnson, Moderna, Novavax, Oxford/AstraZeneca, Pfizer/BioNTech",https://impfdashboard.de/,172834003,64265175,63926316,48317993
Germany,2022-03-04,"Johnson&Johnson, Moderna, Novavax, Oxford/AstraZeneca, Pfizer/BioNTech",https://impfdashboard.de/,172996729,64276519,63951340,48444341
Germany,2022-03-05,"Johnson&Johnson, Moderna, Novavax, Oxford/AstraZeneca, Pfizer/BioNTech",https://impfdashboard.de/,173051578,64282918,63962915,48481207
Germany,2022-03-06,"Johnson&Johnson, Moderna, Novavax, Oxford/AstraZeneca, Pfizer/BioNTech",https://impfdashboard.de/,173073947,64287215,63967173,48495016
Germany,2022-03-07,"Johnson&Johnson, Moderna, Novavax, Oxford/AstraZeneca, Pfizer/BioNTech",https://impfdashboard.de/,173168934,64295181,63981189,48568170
Germany,2022-03-08,"Johnson&Johnson, Moderna, Novavax, Oxford/AstraZeneca, Pfizer/BioNTech",https://impfdashboard.de/,173337613,64304375,64001992,48706784
Germany,2022-03-09,"Johnson&Johnson, Moderna, Novavax, Oxford/AstraZeneca, Pfizer/BioNTech",https://impfdashboard.de/,173515663,64312549,64021107,48857540
Germany,2022-03-10,"Johnson&Johnson, Moderna, Novavax, Oxford/AstraZeneca, Pfizer/BioNTech",https://impfdashboard.de/,173710159,64321091,64041968,49022603
Germany,2022-03-11,"Johnson&Johnson, Moderna, Novavax, Oxford/AstraZeneca, Pfizer/BioNTech",https://impfdashboard.de/,173877392,64330534,64062650,49159893
Germany,2022-03-12,"Johnson&Johnson, Moderna, Novavax, Oxford/AstraZeneca, Pfizer/BioNTech",https://impfdashboard.de/,173929488,64335022,64071630,49198517
Germany,2022-03-13,"Johnson&Johnson, Moderna, Novavax, Oxford/AstraZeneca, Pfizer/BioNTech",https://impfdashboard.de/,173947941,64336661,64074566,49212402
Germany,2022-03-14,"Johnson&Johnson, Moderna, Novavax, Oxford/AstraZeneca, Pfizer/BioNTech",https://impfdashboard.de/,174039910,64341559,64083890,49290163
Germany,2022-03-15,"Johnson&Johnson, Moderna, Novavax, Oxford/AstraZeneca, Pfizer/BioNTech",https://impfdashboard.de/,174213858,64348816,64099728,49440881
Germany,2022-03-16,"Johnson&Johnson, Moderna, Novavax, Oxford/AstraZeneca, Pfizer/BioNTech",https://impfdashboard.de/,174396796,64355349,64113585,49603416
Germany,2022-03-17,"Johnson&Johnson, Moderna, Novavax, Oxford/AstraZeneca, Pfizer/BioNTech",https://impfdashboard.de/,174590867,64361748,64128238,49776446
Germany,2022-03-18,"Johnson&Johnson, Moderna, Novavax, Oxford/AstraZeneca, Pfizer/BioNTech",https://impfdashboard.de/,174739787,64368156,64141606,49905607
Germany,2022-03-19,"Johnson&Johnson, Moderna, Novavax, Oxford/AstraZeneca, Pfizer/BioNTech",https://impfdashboard.de/,174787704,64371609,64148058,49943608
Germany,2022-03-20,"Johnson&Johnson, Moderna, Novavax, Oxford/AstraZeneca, Pfizer/BioNTech",https://impfdashboard.de/,174804753,64373413,64151143,49955756
Germany,2022-03-21,"Johnson&Johnson, Moderna, Novavax, Oxford/AstraZeneca, Pfizer/BioNTech",https://impfdashboard.de/,174899228,64377420,64159908,50037471
Germany,2022-03-22,"Johnson&Johnson, Moderna, Novavax, Oxford/AstraZeneca, Pfizer/BioNTech",https://impfdashboard.de/,175066921,64384397,64173963,50184137
Germany,2022-03-23,"Johnson&Johnson, Moderna, Novavax, Oxford/AstraZeneca, Pfizer/BioNTech",https://impfdashboard.de/,175245507,64390224,64187364,50343493
Germany,2022-03-24,"Johnson&Johnson, Moderna, Novavax, Oxford/AstraZeneca, Pfizer/BioNTech",https://impfdashboard.de/,175428991,64396229,64200829,50507502
Germany,2022-03-25,"Johnson&Johnson, Moderna, Novavax, Oxford/AstraZeneca, Pfizer/BioNTech",https://impfdashboard.de/,175580693,64401534,64214136,50640586
Germany,2022-03-26,"Johnson&Johnson, Moderna, Novavax, Oxford/AstraZeneca, Pfizer/BioNTech",https://impfdashboard.de/,175623472,64404369,64221002,50673668
Germany,2022-03-27,"Johnson&Johnson, Moderna, Novavax, Oxford/AstraZeneca, Pfizer/BioNTech",https://impfdashboard.de/,175639616,64405290,64223747,50686144
Germany,2022-03-28,"Johnson&Johnson, Moderna, Novavax, Oxford/AstraZeneca, Pfizer/BioNTech",https://impfdashboard.de/,175733071,64408615,64232199,50767815
Germany,2022-03-29,"Johnson&Johnson, Moderna, Novavax, Oxford/AstraZeneca, Pfizer/BioNTech",https://impfdashboard.de/,175898702,64414211,64243439,50916469
Germany,2022-03-30,"Johnson&Johnson, Moderna, Novavax, Oxford/AstraZeneca, Pfizer/BioNTech",https://impfdashboard.de/,176085299,64419292,64254416,51087007
Germany,2022-03-31,"Johnson&Johnson, Moderna, Novavax, Oxford/AstraZeneca, Pfizer/BioNTech",https://impfdashboard.de/,176266586,64425107,64266943,51249938
Germany,2022-04-01,"Johnson&Johnson, Moderna, Novavax, Oxford/AstraZeneca, Pfizer/BioNTech",https://impfdashboard.de/,176386213,64429105,64276091,51356426
Germany,2022-04-02,"Johnson&Johnson, Moderna, Novavax, Oxford/AstraZeneca, Pfizer/BioNTech",https://impfdashboard.de/,176420993,64431120,64280255,51385023
Germany,2022-04-03,"Johnson&Johnson, Moderna, Novavax, Oxford/AstraZeneca, Pfizer/BioNTech",https://impfdashboard.de/,176434729,64432078,64281757,51396298
Germany,2022-04-04,"Johnson&Johnson, Moderna, Novavax, Oxford/AstraZeneca, Pfizer/BioNTech",https://impfdashboard.de/,176509509,64434328,64286681,51463903
Germany,2022-04-05,"Johnson&Johnson, Moderna, Novavax, Oxford/AstraZeneca, Pfizer/BioNTech",https://impfdashboard.de/,176661589,64438531,64295183,51603164
Germany,2022-04-06,"Johnson&Johnson, Moderna, Novavax, Oxford/AstraZeneca, Pfizer/BioNTech",https://impfdashboard.de/,176844333,64444156,64307198,51768260
Germany,2022-04-07,"Johnson&Johnson, Moderna, Novavax, Oxford/AstraZeneca, Pfizer/BioNTech",https://impfdashboard.de/,177027082,64448038,64316098,51938220
Germany,2022-04-08,"Johnson&Johnson, Moderna, Novavax, Oxford/AstraZeneca, Pfizer/BioNTech",https://impfdashboard.de/,177168830,64451612,64324404,52068093
Germany,2022-04-09,"Johnson&Johnson, Moderna, Novavax, Oxford/AstraZeneca, Pfizer/BioNTech",https://impfdashboard.de/,177202132,64453163,64328212,52096028
Germany,2022-04-10,"Johnson&Johnson, Moderna, Novavax, Oxford/AstraZeneca, Pfizer/BioNTech",https://impfdashboard.de/,177213282,64453706,64329430,52105401
Germany,2022-04-11,"Johnson&Johnson, Moderna, Novavax, Oxford/AstraZeneca, Pfizer/BioNTech",https://impfdashboard.de/,177276976,64455631,64333704,52162898
Germany,2022-04-12,"Johnson&Johnson, Moderna, Novavax, Oxford/AstraZeneca, Pfizer/BioNTech",https://impfdashboard.de/,177396062,64458164,64339290,52273853
Germany,2022-04-13,"Johnson&Johnson, Moderna, Novavax, Oxford/AstraZeneca, Pfizer/BioNTech",https://impfdashboard.de/,177521943,64462469,64344810,52389911
Germany,2022-04-14,"Johnson&Johnson, Moderna, Novavax, Oxford/AstraZeneca, Pfizer/BioNTech",https://impfdashboard.de/,177626636,64465139,64350744,52485994
Germany,2022-04-15,"Johnson&Johnson, Moderna, Novavax, Oxford/AstraZeneca, Pfizer/BioNTech",https://impfdashboard.de/,177632958,64465450,64351363,52491384
Germany,2022-04-16,"Johnson&Johnson, Moderna, Novavax, Oxford/AstraZeneca, Pfizer/BioNTech",https://impfdashboard.de/,177639980,64465927,64352434,52496859
Germany,2022-04-17,"Johnson&Johnson, Moderna, Novavax, Oxford/AstraZeneca, Pfizer/BioNTech",https://impfdashboard.de/,177641922,64466150,64352722,52498293
Germany,2022-04-18,"Johnson&Johnson, Moderna, Novavax, Oxford/AstraZeneca, Pfizer/BioNTech",https://impfdashboard.de/,177644715,64466323,64353080,52500553
Germany,2022-04-19,"Johnson&Johnson, Moderna, Novavax, Oxford/AstraZeneca, Pfizer/BioNTech",https://impfdashboard.de/,177719315,64470793,64357817,52565946
Germany,2022-04-20,"Johnson&Johnson, Moderna, Novavax, Oxford/AstraZeneca, Pfizer/BioNTech",https://impfdashboard.de/,177811024,64472855,64362679,52650721
Germany,2022-04-21,"Johnson&Johnson, Moderna, Novavax, Oxford/AstraZeneca, Pfizer/BioNTech",https://impfdashboard.de/,177914689,64474951,64368207,52746763
Germany,2022-04-22,"Johnson&Johnson, Moderna, Novavax, Oxford/AstraZeneca, Pfizer/BioNTech",https://impfdashboard.de/,177999165,64477327,64374285,52822778
Germany,2022-04-23,"Johnson&Johnson, Moderna, Novavax, Oxford/AstraZeneca, Pfizer/BioNTech",https://impfdashboard.de/,178019300,64478468,64377123,52838928
Germany,2022-04-24,"Johnson&Johnson, Moderna, Novavax, Oxford/AstraZeneca, Pfizer/BioNTech",https://impfdashboard.de/,178025800,64478842,64377921,52844263
Germany,2022-04-25,"Johnson&Johnson, Moderna, Novavax, Oxford/AstraZeneca, Pfizer/BioNTech",https://impfdashboard.de/,178079307,64480779,64382059,52891691
Germany,2022-04-26,"Johnson&Johnson, Moderna, Novavax, Oxford/AstraZeneca, Pfizer/BioNTech",https://impfdashboard.de/,178195632,64485730,64390620,52994689
Germany,2022-04-27,"Johnson&Johnson, Moderna, Novavax, Oxford/AstraZeneca, Pfizer/BioNTech",https://impfdashboard.de/,178314324,64488208,64396578,53104949
Germany,2022-04-28,"Johnson&Johnson, Moderna, Novavax, Oxford/AstraZeneca, Pfizer/BioNTech",https://impfdashboard.de/,178435745,64490698,64402749,53217714
Germany,2022-04-29,"Johnson&Johnson, Moderna, Novavax, Oxford/AstraZeneca, Pfizer/BioNTech",https://impfdashboard.de/,178536086,64498079,64412806,53300606
Germany,2022-04-30,"Johnson&Johnson, Moderna, Novavax, Oxford/AstraZeneca, Pfizer/BioNTech",https://impfdashboard.de/,178556548,64499187,64415546,53317223
Germany,2022-05-01,"Johnson&Johnson, Moderna, Novavax, Oxford/AstraZeneca, Pfizer/BioNTech",https://impfdashboard.de/,178560849,64499439,64415887,53320931
Germany,2022-05-02,"Johnson&Johnson, Moderna, Novavax, Oxford/AstraZeneca, Pfizer/BioNTech",https://impfdashboard.de/,178601338,64500699,64418306,53357746
